rank_scope,rank_scope_position,bestseller_rank,rank_delta,trend_score,niche_score,product_id,merchant_id,offer_key,title,brand,seller_name,price,original_price,price_delta_percent,stock_status,sales_signal,sales_signal_days,sales_signal_min,sales_signal_daily_min,rating,review_count,review_delta,question_count,campaigns,delivery_summary,detail_status,detail_age_days,url
cocuk:genel-cocuk,79,79,-26,21.7,8.3,863331605,4227,863331605:4227,Katia & Bony Çocuk 7'li Paket Step Çorap,Katia & Bony,Katia and Bony,186.1,,-53.1,InStock,,,,,4.6,519,3,49,"[""Sepette %2 İndirim"",""20 TL Kupon"",""Kargo Bedava"",""Trendyol Plus'a Özel""]",2 saat 54 dakika içinde sipariş verirsen en geç bugün kargoda!,refreshed,0,https://www.trendyol.com/katia-bony/cocuk-7-li-paket-step-corap-p-863331605?boutiqueId=61&merchantId=4227
cocuk:genel-cocuk,172,172,,20.9,16.5,1157318599,1271116,1157318599:1271116,MİNİKOM`S Minikom Toplu 16`lı Set | 16 adet Hareketli Eğitici Set,MİNİKOM`S,Minikom Oyuncak Dünyası,170.12,183.63,-46.7,InStock,,,,,4.8,48,6,25,"[""Son 10 Günün En Düşük Fiyatı"",""Kargo Bedava"",""Son 10 günün en düşük fiyatı""]",14 saat 52 dakika içinde sipariş verirsen en geç yarın kargoda!,refreshed,0,https://www.trendyol.com/minikom-s/minikom-toplu-16-li-set-16-adet-hareketli-egitici-set-p-1157318599?boutiqueId=61&merchantId=1271116
cocuk:genel-cocuk,78,78,115,33.7,6.3,125884323,153297,125884323:153297,Molmini Plus Bel & Sırt Destekli Ergonomik Kanguru 4-12 KG Çok Yönlü Ayarlanabilir Siyah,Molmini,Opera Bebek,657.98,731.09,-29.9,InStock,,,,,4.4,918,1,449,"[""Kargo Bedava""]",2 saat 54 dakika içinde sipariş verirsen en geç bugün kargoda!,refreshed,0,https://www.trendyol.com/molmini/plus-bel-sirt-destekli-ergonomik-kanguru-4-12-kg-cok-yonlu-ayarlanabilir-siyah-p-125884323?boutiqueId=61&merchantId=153297
cocuk:genel-cocuk,77,77,-16,26.9,3.1,803414049,203783,803414049:203783,BGK 5 Çift Surat İfade Desenli Çocuk Çorap,BGK,BGK,151.99,,-20,InStock,,,,,4.3,2309,2,162,"[""Kargo Bedava"",""Trendyol Plus'a Özel""]",1 saat 54 dakika içinde sipariş verirsen en geç bugün kargoda!,refreshed,0,https://www.trendyol.com/bgk/5-cift-surat-ifade-desenli-cocuk-corap-p-803414049?boutiqueId=61&merchantId=203783
cocuk:genel-cocuk,106,106,-24,28.6,1.4,800178433,203783,800178433:203783,BGK 5 Çift Karekter Desen Çocuk Çorabı,BGK,BGK,151.99,,-20,InStock,,,,,4.1,3743,1,312,"[""Kargo Bedava"",""Trendyol Plus'a Özel""]",1 saat 54 dakika içinde sipariş verirsen en geç bugün kargoda!,refreshed,0,https://www.trendyol.com/bgk/5-cift-karekter-desen-cocuk-corabi-p-800178433?boutiqueId=61&merchantId=203783
cocuk:genel-cocuk,191,191,-13,24.8,8.2,925702671,523360,925702671:523360,VESTIR BIEN 92 Baskılı %100 Pamuk Çocuk Alt-Üst Takım,VESTIR BIEN,,326.6,336.7,-18.1,InStock,,,,,3,528,8,,"[""Sepette %3 İndirim"",""20 TL Kupon"",""Kargo Bedava"",""Son 10 Günün En Düşük Fiyatı"",""Trendyol Plus'a Özel""]",Tahmini Teslim:,refreshed,0,https://www.trendyol.com/vestir-bien/92-baskili-100-pamuk-cocuk-alt-ust-takim-p-925702671?boutiqueId=61&merchantId=523360
cocuk:genel-cocuk,39,39,-19,34.3,5.5,741425668,1220966,741425668:1220966,"mordesign Çok Amaçlı Kalın Keçe Anne Bebek Bakım Çantası, Dolap İçi Organizer, Scotch Serisi",mordesign,mordesign,247.25,252.47,-17.3,InStock,,,,,4.7,,0,89,"[""Son 10 Günün En Düşük Fiyatı"",""Kargo Bedava"",""Son 10 günün en düşük fiyatı""]",14 saat 55 dakika içinde sipariş verirsen en geç yarın kargoda!,refreshed,0,https://www.trendyol.com/mordesign/cok-amacli-kalin-kece-anne-bebek-bakim-cantasi-dolap-ici-organizer-scotch-serisi-p-741425668?boutiqueId=61&merchantId=1220966
cocuk:genel-cocuk,25,25,14,58,29.1,982881458,152772,982881458:152772,Serstil 6 Parça Anne Bebek Doğum ve Hastane Çıkış Çantası Seti - Pembe Puantiyeli,Serstil,ESTİ,165.9,,-17,InStock,Son 3 günde 250+ ürün satıldı!,3,250,83.3,4.7,,0,31,"[""Kargo Bedava""]",4 saat 56 dakika içinde sipariş verirsen en geç bugün kargoda!,refreshed,0,https://www.trendyol.com/serstil/6-parca-anne-bebek-dogum-ve-hastane-cikis-cantasi-seti-pembe-puantiyeli-p-982881458?boutiqueId=61&merchantId=152772
cocuk:genel-cocuk,190,190,,0,,1146936151,1309280,1146936151:1309280,RAMEH Yuvarlak Pembe Oyuncaklı Gölgelikli Tenteli Çocuk Deniz Simiti Baby Float Bebek Deniz Simiti 0-3 Yaş Bebek Botu Pembe,RAMEH,,575.9,,-14,InStock,,,,,,,0,,"[""Kargo Bedava"",""Sepette %2 İndirim""]",Tahmini Teslim:,refreshed,0,https://www.trendyol.com/rameh/yuvarlak-pembe-oyuncakli-golgelikli-tenteli-cocuk-deniz-simiti-baby-float-bebek-deniz-simiti-0-3-yas-bebek-botu-pembe-p-1146936151?boutiqueId=61&merchantId=1309280
cocuk:genel-cocuk,195,195,,19.2,10.8,132263105,306081,132263105:306081,Diytoy Denge Kulesi Oyunu 0-3 Yaş Eğitici Oyuncak Montesorri Oyuncak,Diytoy,TabaGrup,350.13,,-11.6,InStock,,,,,4.5,253,-1,16,"[""Kargo Bedava"",""Sepette %1 İndirim""]",Tahmini Teslim:,refreshed,0,https://www.trendyol.com/diytoy/denge-kulesi-oyunu-0-3-yas-egitici-oyuncak-montesorri-oyuncak-p-132263105?boutiqueId=61&merchantId=306081
cocuk:genel-cocuk,163,163,-88,14.2,15.8,1042673989,183393,1042673989:183393,BAYKAR Kız Çocuk Pamuklu İnce İp Askılı Düz Klasik Atlet 2'li Paket 4200 Beyaz,BAYKAR,,304.66,,-10.4,InStock,,,,,4.7,58,0,13,[],Tahmini Teslim:,refreshed,0,https://www.trendyol.com/baykar/kiz-cocuk-pamuklu-ince-ip-askili-duz-klasik-atlet-2-li-paket-4200-beyaz-p-1042673989?boutiqueId=61&merchantId=183393
cocuk:genel-cocuk,159,159,-41,21.7,8.3,309485054,415082,309485054:415082,MutluBiDünya Lily Kalın Ipli Saç Süsleme Ipi Saç Ipi 8 Adet,MutluBiDünya,MutluBiDünya,67.63,,-9.8,InStock,,,,,4.6,,0,38,"[""Kargo Bedava""]",14 saat 52 dakika içinde sipariş verirsen en geç yarın kargoda!,refreshed,0,https://www.trendyol.com/mutlubidunya/lily-kalin-ipli-sac-susleme-ipi-sac-ipi-8-adet-p-309485054?boutiqueId=61&merchantId=415082
cocuk:genel-cocuk,91,91,-36,33.7,4.1,741425596,1220966,741425596:1220966,"mordesign Çok Amaçlı Kalın Keçe Anne Bebek Bakım Çantası, Dolap İçi Organizer, Scotch Serisi",mordesign,mordesign,199,215.94,-9.7,InStock,,,,,4.7,,0,26,"[""Son 10 Günün En Düşük Fiyatı"",""Kargo Bedava"",""Son 10 günün en düşük fiyatı""]",14 saat 54 dakika içinde sipariş verirsen en geç yarın kargoda!,refreshed,0,https://www.trendyol.com/mordesign/cok-amacli-kalin-kece-anne-bebek-bakim-cantasi-dolap-ici-organizer-scotch-serisi-p-741425596?boutiqueId=61&merchantId=1220966
cocuk:genel-cocuk,125,125,38,21.6,11.6,941592695,371498,941592695:371498,ROCKY Çocuk Patenli Işıklı Spor Ayakkabı & Yürüyüş Ayakkabısı & Sneakers,ROCKY,ROCKY,1693.23,1750.02,-7,InStock,,,,,4.7,,0,79,"[""Son 10 Günün En Düşük Fiyatı"",""Peşin Fiyatına 3 Taksit"",""Son 10 günün en düşük fiyatı""]",4 saat 53 dakika içinde sipariş verirsen en geç bugün kargoda!,refreshed,0,https://www.trendyol.com/rocky/cocuk-patenli-isikli-spor-ayakkabi-yuruyus-ayakkabisi-sneakers-p-941592695?boutiqueId=61&merchantId=371498
cocuk:genel-cocuk,121,121,13,18.7,18,1165737012,586061,1165737012:586061,yücel bijuteri Gizemli Paket Renkli Mantı Squishy - Gizemli renk KARIŞIK,yücel bijuteri,Trend Farma,279.9,300,-6.7,InStock,,,,,2.2,31,0,47,"[""30 TL Kupon"",""Son 10 Günün En Düşük Fiyatı"",""Kargo Bedava"",""Son 10 günün en düşük fiyatı""]",14 saat 53 dakika içinde sipariş verirsen en geç yarın kargoda!,refreshed,0,https://www.trendyol.com/yucel-bijuteri/gizemli-paket-renkli-manti-squishy-gizemli-renk-karisik-p-1165737012?boutiqueId=61&merchantId=586061
cocuk:genel-cocuk,38,38,9,32.3,12.3,860656615,977401,860656615:977401,pixelogart Kişiye Özel İsimli Doğal Ahşap Yenidoğan Bebek Türkçe Anı Küpü Çocuk Anne,pixelogart,Pixelogart,187.33,196.44,-6.3,InStock,,,,,4.7,929,18,318,"[""Son 10 Günün En Düşük Fiyatı"",""Kargo Bedava"",""Son 10 günün en düşük fiyatı""]",14 saat 55 dakika içinde sipariş verirsen en geç yarın kargoda!,refreshed,0,https://www.trendyol.com/pixelogart/kisiye-ozel-isimli-dogal-ahsap-yenidogan-bebek-turkce-ani-kupu-cocuk-anne-p-860656615?boutiqueId=61&merchantId=977401
cocuk:genel-cocuk,44,44,-24,14.8,18.2,1142311061,1048417,1142311061:1048417,ADİL OYUNCAK 72 Parça Manyetik Yapı Blokları | Montessori Eğitici Oyuncak | 3D Mıknatıslı Blok Seti,ADİL OYUNCAK,KÜRE EKSPRES,1199,,-5.5,InStock,,,,,4,70,5,36,"[""Sepette %5 İndirim"",""Kargo Bedava"",""Peşin Fiyatına 3 Taksit"",""Trendyol Plus'a Özel""]",14 saat 55 dakika içinde sipariş verirsen en geç yarın kargoda!,refreshed,0,https://www.trendyol.com/adil-oyuncak/72-parca-manyetik-yapi-bloklari-montessori-egitici-oyuncak-3d-miknatisli-blok-seti-p-1142311061?boutiqueId=61&merchantId=1048417
cocuk:genel-cocuk,133,133,15,23.7,11.1,1094590398,624822,1094590398:624822,My Kids Wear Kız Çocuk Garson Mayo Elbiseli Şortlu 2’li Takım 12417,My Kids Wear,My Kids Wear,475.05,499,-4.8,InStock,,,,,4.5,,0,71,"[""Kargo Bedava"",""Son 10 Günün En Düşük Fiyatı"",""Son 10 günün en düşük fiyatı""]",14 saat 53 dakika içinde sipariş verirsen en geç yarın kargoda!,refreshed,0,https://www.trendyol.com/my-kids-wear/kiz-cocuk-garson-mayo-elbiseli-sortlu-2-li-takim-12417-p-1094590398?boutiqueId=61&merchantId=624822
cocuk:genel-cocuk,144,144,9,25.3,7.6,4713220,565865,4713220:565865,Agarta Doğal Erkek Bebek/çocuklarına Özel Şampuan 400 ml,Agarta,AGARTA BİTKİSEL KOZMETİK,165,170,-2.9,InStock,,,,,4.6,626,2,,"[""Son 10 Günün En Düşük Fiyatı"",""Sepette %1 İndirim"",""Kargo Bedava"",""Son 10 günün en düşük fiyatı""]",1 saat 53 dakika içinde sipariş verirsen en geç bugün kargoda!,refreshed,0,https://www.trendyol.com/agarta/dogal-erkek-bebek-cocuklarina-ozel-sampuan-400-ml-p-4713220?boutiqueId=61&merchantId=565865
cocuk:genel-cocuk,142,142,-81,14.7,17.3,1140997213,131861,1140997213:131861,"Çantaland Kore Model 3’lü İlkokul Çanta Seti, Sırt Çantası + Beslenme Çantası + Kalemlik",Çantaland,Çantaland,1273.9,1299.9,-2,InStock,,,,,4.7,,0,22,"[""Sepette %2 İndirim"",""Kargo Bedava"",""Peşin Fiyatına 3 Taksit"",""Trendyol Plus'a Özel""]",4 saat 53 dakika içinde sipariş verirsen en geç bugün kargoda!,refreshed,0,https://www.trendyol.com/cantaland/kore-model-3-lu-ilkokul-canta-seti-sirt-cantasi-beslenme-cantasi-kalemlik-p-1140997213?boutiqueId=61&merchantId=131861
cocuk:genel-cocuk,107,107,-45,19.6,10.4,937482226,159186,937482226:159186,Tutku 0853 Kız Çocuk Fitilli Şort 6'lı Paket Kombin,Tutku,USLUBEY,316.33,,-1.7,InStock,,,,,4.1,,0,45,"[""Sepette %7 İndirim"",""Kargo Bedava""]",4 saat 54 dakika içinde sipariş verirsen en geç bugün kargoda!,refreshed,0,https://www.trendyol.com/tutku/0853-kiz-cocuk-fitilli-sort-6-li-paket-kombin-p-937482226?boutiqueId=61&merchantId=159186
cocuk:genel-cocuk,137,137,-85,0,,177023193,916075,177023193:916075,Tutku 6lı Erkek Çocuk Renkli Atlet Pamuklu Askılı Empirme Elastan,Tutku,TUTKU ELİT,385,,-0.5,InStock,,,,,,,0,,"[""Kargo Bedava""]",2 saat 53 dakika içinde sipariş verirsen en geç bugün kargoda!,refreshed,0,https://www.trendyol.com/tutku/6li-erkek-cocuk-renkli-atlet-pamuklu-askili-empirme-elastan-p-177023193?boutiqueId=61&merchantId=916075
cocuk:genel-cocuk,5,5,0,111.7,70.5,1081617521,1218056,1081617521:1218056,Mino Makers 78 Parça Manyetik Yapı Blokları - Çocuklar İçin 3 Boyutlu Renkli Mıknatıslı 78 Parça Manyetik Blok Oyun Seti,Mino Makers,Mino Makers,1452,1472.4,-0.4,InStock,Son 3 günde 1B+ ürün satıldı!,3,1000,333.3,4.4,899,6,218,"[""Son 10 Günün En Düşük Fiyatı"",""Peşin Fiyatına 3 Taksit"",""Son 10 günün en düşük fiyatı""]",2 saat 56 dakika içinde sipariş verirsen en geç bugün kargoda!,refreshed,0,https://www.trendyol.com/mino-makers/78-parca-manyetik-yapi-bloklari-cocuklar-icin-3-boyutlu-renkli-miknatisli-78-parca-manyetik-blok-oyun-seti-p-1081617521?boutiqueId=61&merchantId=1218056
