bestseller_rank,rank_delta,trend_score,niche_score,product_id,title,brand,seller_name,price,original_price,price_delta_percent,stock_status,sales_signal,rating,review_count,review_delta,question_count,campaigns,delivery_summary,detail_status,detail_age_days,url
17,176,70.7,22.8,1071649433,OTEXSA Kabartmalı Dokulu 2'li Kırlent Kılıfı Krem Dekoratif Modern Koltuk ve Kanepe Yastık Kılıfı,OTEXSA,OTEXSA,197.97,199.97,0,InStock,,4.4,,0,124,"[""Sepette %1 İndirim"",""Kargo Bedava""]",3 saat 55 dakika içinde sipariş verirsen en geç bugün kargoda!,refreshed,0,https://www.trendyol.com/otexsa/kabartmali-dokulu-2-li-kirlent-kilifi-krem-dekoratif-modern-koltuk-ve-kanepe-yastik-kilifi-p-1071649433?boutiqueId=61&merchantId=797678
5,172,103.2,36.8,864018959,Raschel Carpet Krem Yumuşak Bubble Kaymaz Özel Taban Peluş Halı Yolluk,Raschel Carpet,Balat Halı,99.9,,0,InStock,Son 3 günde 250+ ürün satıldı!,4,3351,3,1900,"[""50 TL Kupon"",""Kargo Bedava"",""Trendyol Plus'a Özel""]",1 saat 55 dakika içinde sipariş verirsen en geç bugün kargoda!,refreshed,0,https://www.trendyol.com/raschel-carpet/krem-yumusak-bubble-kaymaz-ozel-taban-pelus-hali-yolluk-p-864018959?boutiqueId=61&merchantId=113025
4,168,96.8,45.7,1109550995,bituclass 3 ÇITALI 4 KATLI EKO DEKORATİF MASİF AHŞAP PLASTİK AYAKKABILIK (MDF DEĞİLDİR.mdf kolay kırılır !!!),bituclass,Arasla Tasarla,189,,11.8,InStock,Son 3 günde 250+ ürün satıldı!,3.3,301,9,31,"[""Kargo Bedava""]",4 saat 55 dakika içinde sipariş verirsen en geç bugün kargoda!,refreshed,0,https://www.trendyol.com/bituclass/3-citali-4-katli-eko-dekoratif-masif-ahsap-plastik-ayakkabilik-mdf-degildir-mdf-kolay-kirilir-p-1109550995?boutiqueId=61&merchantId=1192316
16,162,75.6,19.4,857639824,Yapay Çiçek Deposu Yapay Çiçek Top Krizantem 7li Mini Kartopu Demeti 28 cm Beyaz,Yapay Çiçek Deposu,Çiçekburada,189.9,,0,InStock,,4.4,,0,223,"[""Kargo Bedava""]",1 saat 55 dakika içinde sipariş verirsen en geç bugün kargoda!,refreshed,0,https://www.trendyol.com/yapay-cicek-deposu/yapay-cicek-top-krizantem-7li-mini-kartopu-demeti-28-cm-beyaz-p-857639824?boutiqueId=61&merchantId=661551
22,161,57.3,22.7,757506433,DECOMALL Tek Parça Beyaz Folyo Kaplamayapışkanlı Mutfak Dolapı Mobilya Kaplama Fayans Kaplama,DECOMALL,,96.6,,0,InStock,,3.9,454,1,1980,"[""Kargo Bedava""]",13 saat 55 dakika içinde sipariş verirsen en geç yarın kargoda!,refreshed,0,https://www.trendyol.com/decomall/tek-parca-beyaz-folyo-kaplamayapiskanli-mutfak-dolapi-mobilya-kaplama-fayans-kaplama-p-757506433?boutiqueId=61&merchantId=193645
13,150,78.1,24.4,1045490651,Decorev Renkli Desenli 2’li Metal Patates Soğan Saklama Kabı Seti DC-6766,Decorev,Decorev,499,,0,InStock,,4.7,1017,6,154,"[""Kargo Bedava""]",2 saat 55 dakika içinde sipariş verirsen en geç bugün kargoda!,refreshed,0,https://www.trendyol.com/decorev/renkli-desenli-2-li-metal-patates-sogan-saklama-kabi-seti-dc-6766-p-1045490651?boutiqueId=61&merchantId=107143
39,146,2,,791489866,Gamy Crafts Magnet - Buzdolabı Magneti - Buzdolabı Süsü - 5’li Kalpli Magnet - Sevgililer Günü Hediyesi,Gamy Crafts,,15.5,,15.7,InStock,,,,0,,"[""Kargo Bedava""]",Tahmini Teslim:,refreshed,0,https://www.trendyol.com/gamy-crafts/magnet-buzdolabi-magneti-buzdolabi-susu-5-li-kalpli-magnet-sevgililer-gunu-hediyesi-p-791489866?boutiqueId=61&merchantId=745404
15,143,79.8,17.7,939718795,KAMİZ Fırfırlı Keten Runner & 6'lı Fıfırlı Supla Seti - 7 Parça Çeyiz Seti,KAMİZ,KAMİZ,339.9,,35.1,InStock,,4.3,,0,343,"[""Kargo Bedava"",""Trendyol Plus'a Özel""]",1 saat 55 dakika içinde sipariş verirsen en geç bugün kargoda!,refreshed,0,https://www.trendyol.com/kamiz/firfirli-keten-runner-6-li-fifirli-supla-seti-7-parca-ceyiz-seti-p-939718795?boutiqueId=61&merchantId=311492
3,136,98.2,46.8,1015629005,FARALYAHOME Doğal Traverten Mermer Yağlık Altlığı -Sıvı sabunluk altlığı-sunumluk 20x10 cm Ahşap Ayaklı,FARALYAHOME,FARALYAHOME,199,,0,InStock,Son 3 günde 250+ ürün satıldı!,4.3,252,7,55,"[""Kargo Bedava"",""Trendyol Plus'a Özel""]",13 saat 55 dakika içinde sipariş verirsen en geç yarın kargoda!,refreshed,0,https://www.trendyol.com/faralyahome/dogal-traverten-mermer-yaglik-altligi-sivi-sabunluk-altligi-sunumluk-20x10-cm-ahsap-ayakli-p-1015629005?boutiqueId=61&merchantId=128088
24,123,32,,1044259056,Rex Aksesuar 3’lü Hayalet Led Biblo Seti – Dekoratif Lamba| Okuyan – Kalpli – Balonlu Hayalet Masa Üstü Dekor,Rex Aksesuar,,199.98,,0,InStock,,,,0,,"[""Kargo Bedava"",""Trendyol Plus'a Özel""]",Tahmini Teslim:,refreshed,0,https://www.trendyol.com/rex-aksesuar/3-lu-hayalet-led-biblo-seti-dekoratif-lamba-okuyan-kalpli-balonlu-hayalet-masa-ustu-dekor-p-1044259056?boutiqueId=61&merchantId=438262
7,121,87.1,47.9,948778067,Bella Maison Rosy Örgü Amerikan Servis Kahverengi (35 cm),Bella Maison,Bella Maison,212.62,,0,InStock,Son 3 günde 250+ ürün satıldı!,4.7,101,3,14,"[""Kargo Bedava"",""Trendyol Plus'a Özel""]",Tahmini Teslim:,refreshed,0,https://www.trendyol.com/bella-maison/rosy-orgu-amerikan-servis-kahverengi-35-cm-p-948778067?boutiqueId=61&merchantId=106777
43,113,24.4,9.1,1017995556,KAMİZ Bohem Runner Masa Örtüsü Doğal Bej Modern Ev Dekoru Düğün Nişan Masa Örtüsü Çeyiz Seti %100 Pamuk,KAMİZ,,197.9,,-34,InStock,,4.5,,0,123,"[""Kargo Bedava""]",Tahmini Teslim:,refreshed,0,https://www.trendyol.com/kamiz/bohem-runner-masa-ortusu-dogal-bej-modern-ev-dekoru-dugun-nisan-masa-ortusu-ceyiz-seti-100-pamuk-p-1017995556?boutiqueId=61&merchantId=311492
18,109,72,22,962499019,"Yunus Göksu Design Mutfak Rulo Tutucusu- Düzenleyicisi (1 adet, 2' li ürün)",Yunus Göksu Design,Innoway,167.04,174,-2.8,InStock,,3.3,,0,65,"[""Sepette %4 İndirim"",""Kargo Bedava""]",1 saat 55 dakika içinde sipariş verirsen en geç bugün kargoda!,refreshed,0,https://www.trendyol.com/yunus-goksu-design/mutfak-rulo-tutucusu-duzenleyicisi-1-adet-2-li-urun-p-962499019?boutiqueId=61&merchantId=1119631
1,105,113.1,37,170614230,Bino Banyo Kozmetik Takı Düzenleyici Çok Amaçlı Organizer 2 Katlı Servis Sunum Tepsisi Ikramlık Gold,Bino,Bino Home,433.76,,8.5,InStock,Son 3 günde 250+ ürün satıldı!,4.7,5739,-18,659,"[""Kargo Bedava""]",13 saat 55 dakika içinde sipariş verirsen en geç yarın kargoda!,refreshed,0,https://www.trendyol.com/bino/banyo-kozmetik-taki-duzenleyici-cok-amacli-organizer-2-katli-servis-sunum-tepsisi-ikramlik-gold-p-170614230?boutiqueId=61&merchantId=112570
8,97,87.3,27.7,1046634886,"Wellstil Nuvé | %100 Pamuk Tül Runner, Bohem, Düğün Nişan Organizasyon Masa Örtüsü 90 x 200 cm Bej",Wellstil,Wellstil,299.9,,0,InStock,,4.7,,0,79,"[""Kargo Bedava"",""Trendyol Plus'a Özel""]",13 saat 55 dakika içinde sipariş verirsen en geç yarın kargoda!,refreshed,0,https://www.trendyol.com/wellstil/nuve-100-pamuk-tul-runner-bohem-dugun-nisan-organizasyon-masa-ortusu-90-x-200-cm-bej-p-1046634886?boutiqueId=61&merchantId=350340
2,78,109.9,37.6,982523847,Genel Markalar 2'li Modern Dekorasyon İçin Şık Beyaz Çizgili Seramik Çiçek Vazo 19cm - Minimal ve Zarif Vazo Modeli,Genel Markalar,gucabu,127,,17.6,InStock,Son 3 günde 250+ ürün satıldı!,3.8,,0,600,"[""Kargo Bedava"",""Trendyol Plus'a Özel""]",4 saat 55 dakika içinde sipariş verirsen en geç bugün kargoda!,refreshed,0,https://www.trendyol.com/genel-markalar/2-li-modern-dekorasyon-icin-sik-beyaz-cizgili-seramik-cicek-vazo-19cm-minimal-ve-zarif-vazo-modeli-p-982523847?boutiqueId=61&merchantId=1182286
19,75,61,26.5,1097414898,Yapay Çiçek Deposu Yapay Olivea Zeytin Dalı Demeti 45 cm,Yapay Çiçek Deposu,,199.98,,0,InStock,,4.4,236,2,,"[""Kargo Bedava""]",Tahmini Teslim:,refreshed,0,https://www.trendyol.com/yapay-cicek-deposu/yapay-olivea-zeytin-dali-demeti-45-cm-p-1097414898?boutiqueId=61&merchantId=661551
180,17,17.1,12.9,778559577,AYGÖREN HOME Paspas Süpürge Fırça Ve Mop Askısı Sap Tutucu Mutfak Banyo Askı,AYGÖREN HOME,Mutlu Pastacılık ve Malzemeleri,18.3,,-2,InStock,,3.6,138,2,9,"[""Kargo Bedava""]",51 dakika 14 saniye içinde sipariş verirsen en geç bugün kargoda!,refreshed,0,https://www.trendyol.com/aygoren-home/paspas-supurge-firca-ve-mop-askisi-sap-tutucu-mutfak-banyo-aski-p-778559577?boutiqueId=61&merchantId=380979
175,9,27.7,19.8,870238213,Metsar Home 2 Katlı Çok Amaçlı Makyaj Organizeri - Takı Düzenleyici Banyo Rafı Şampuanlık,Metsar Home,Metsar Home,192.77,,2,InStock,Son 3 günde 250+ ürün satıldı!,4.3,691,1,89,"[""Kargo Bedava""]",2 saat 51 dakika içinde sipariş verirsen en geç bugün kargoda!,refreshed,0,https://www.trendyol.com/metsar-home/2-katli-cok-amacli-makyaj-organizeri-taki-duzenleyici-banyo-rafi-sampuanlik-p-870238213?boutiqueId=61&merchantId=244060
177,-7,22.4,7.6,384037037,Bella Maison Pamuklu Liberty Kurulama Bezi Seti 3'lü Bej (45x65 cm),Bella Maison,Bella Maison,176.28,,0,InStock,,4.7,623,6,11,"[""Kargo Bedava"",""Trendyol Plus'a Özel""]",Tahmini Teslim:,refreshed,0,https://www.trendyol.com/bella-maison/pamuklu-liberty-kurulama-bezi-seti-3-lu-bej-45x65-cm-p-384037037?boutiqueId=61&merchantId=106777
172,-18,34.4,13.1,794694788,zabata Yapışkanlı Raflı Kağıt Rulo Havluluk Peçetelik Havlu Kağıltlık Siyah Banyo Mutfak Düzenleyici Raf,zabata,Zabata Türkiye,149,,0,InStock,Son 3 günde 250+ ürün satıldı!,4.6,4723,3,458,"[""Kargo Bedava""]",51 dakika 24 saniye içinde sipariş verirsen en geç bugün kargoda!,refreshed,0,https://www.trendyol.com/zabata/yapiskanli-rafli-kagit-rulo-havluluk-pecetelik-havlu-kagiltlik-siyah-banyo-mutfak-duzenleyici-raf-p-794694788?boutiqueId=61&merchantId=550676
171,-50,31.9,15.6,883959353,Devecioğlu Harbinger MM016 ALENDA (Siyah) Kalın Borulu Çamaşır Kurutma Askılığı,Devecioğlu,billhom,959,,0,InStock,Son 3 günde 250+ ürün satıldı!,4.4,2286,8,294,"[""Kargo Bedava""]",13 saat 51 dakika içinde sipariş verirsen en geç yarın kargoda!,refreshed,0,https://www.trendyol.com/devecioglu/harbinger-mm016-alenda-siyah-kalin-borulu-camasir-kurutma-askiligi-p-883959353?boutiqueId=61&merchantId=135535
169,-52,29.1,18.4,889725373,zabata Yapışkanlı 2 Adet Çift Kancalı Banyo Mutfak Askısı Metal Askılık Duvar Askı Organizer,zabata,Zabata Türkiye,117.8,,0,InStock,Son 3 günde 250+ ürün satıldı!,4.6,1017,5,84,"[""Kargo Bedava"",""Trendyol Plus'a Özel""]",51 dakika 29 saniye içinde sipariş verirsen en geç bugün kargoda!,refreshed,0,https://www.trendyol.com/zabata/yapiskanli-2-adet-cift-kancali-banyo-mutfak-askisi-metal-askilik-duvar-aski-organizer-p-889725373?boutiqueId=61&merchantId=550676
162,-64,42.5,17.8,797264329,"KARTEYA 10 lu Güçlü Kendinden Yapışkanlı Kancalar Köşe Rafı Banyo Rafı Duş Rafı Kancası, Su Geçirmez Askı",KARTEYA,EYA Grup,61.18,70.18,-8.2,InStock,Son 3 günde 250+ ürün satıldı!,4.5,1211,1,115,"[""Son 10 Günün En Düşük Fiyatı"",""Kargo Bedava"",""Son 10 günün en düşük fiyatı"",""Trendyol Plus'a Özel""]",13 saat 51 dakika içinde sipariş verirsen en geç yarın kargoda!,refreshed,0,https://www.trendyol.com/karteya/10-lu-guclu-kendinden-yapiskanli-kancalar-kose-rafi-banyo-rafi-dus-rafi-kancasi-su-gecirmez-aski-p-797264329?boutiqueId=61&merchantId=652389
166,-65,33.7,13.8,748165402,KARTEYA Yapışkanlı 4 lü Siyah Uzun Havluluk Rulo Havluluk Wc Tuvalet Kağıtlık Yuvarlak Havluluk Set,KARTEYA,EYA Grup,194.75,,0,InStock,Son 3 günde 250+ ürün satıldı!,4.4,3877,10,512,"[""20 TL Kupon"",""Kargo Bedava"",""Trendyol Plus'a Özel""]",13 saat 51 dakika içinde sipariş verirsen en geç yarın kargoda!,refreshed,0,https://www.trendyol.com/karteya/yapiskanli-4-lu-siyah-uzun-havluluk-rulo-havluluk-wc-tuvalet-kagitlik-yuvarlak-havluluk-set-p-748165402?boutiqueId=61&merchantId=652389
156,-73,39.5,25.5,50446232,EFFE YAPI DEKOR Altın Metal Çerçeveli Ayaklı Boy Aynası 180x60 cm,EFFE YAPI DEKOR,Effe Yapi Dekor,1550,,0,InStock,Son 3 günde 500+ ürün satıldı!,4.8,4891,17,1122,"[""Kargo Bedava"",""Peşin Fiyatına 3 Taksit""]",Tahmini Teslim:,refreshed,0,https://www.trendyol.com/effe-yapi-dekor/altin-metal-cerceveli-ayakli-boy-aynasi-180x60-cm-p-50446232?boutiqueId=61&merchantId=165535
176,-73,13,17,1087972788,BEYZANA 10 Adet Güçlü Kendinden Yapışkanlı Raf Çerçeve Tutucu Kanca Askı,BEYZANA,BEYZANA,34.99,,6.1,InStock,,4,41,1,11,"[""Kargo Bedava""]",13 saat 51 dakika içinde sipariş verirsen en geç yarın kargoda!,refreshed,0,https://www.trendyol.com/beyzana/10-adet-guclu-kendinden-yapiskanli-raf-cerceve-tutucu-kanca-aski-p-1087972788?boutiqueId=61&merchantId=638780
155,-95,33.4,31.6,473798271,"usta mekan Siyah 2 Katlı Banyo Kozmetik Takı Makyaj Düzenleyici ,Çok Amaçlı Organizer ,Servis Sunum Tepsisi ,Ikramlık",usta mekan,STATİKA HOME,175,,4.9,InStock,Son 3 günde 500+ ürün satıldı!,4.4,831,7,101,"[""Kargo Bedava""]",1 saat 51 dakika içinde sipariş verirsen en geç bugün kargoda!,refreshed,0,https://www.trendyol.com/usta-mekan/siyah-2-katli-banyo-kozmetik-taki-makyaj-duzenleyici-cok-amacli-organizer-servis-sunum-tepsisi-ikramlik-p-473798271?boutiqueId=61&merchantId=1258506
152,-98,42.5,25,861362964,aymumi home Dekoratif 5li Set Mum Çizgili Vazo Tealight mumluk ve Oda Kokusu Seti,aymumi home,QULİFE,154.41,,-6.1,InStock,Son 3 günde 500+ ürün satıldı!,4,11453,22,403,"[""Kargo Bedava""]",1 saat 52 dakika içinde sipariş verirsen en geç bugün kargoda!,refreshed,0,https://www.trendyol.com/aymumi-home/dekoratif-5li-set-mum-cizgili-vazo-tealight-mumluk-ve-oda-kokusu-seti-p-861362964?boutiqueId=61&merchantId=541829
158,-100,31.5,33.5,952486288,AYGÖREN HOME 3 Lü Kare Stil Pinterest Sepet Dekoratif Ev Düzenleyici,AYGÖREN HOME,Mutlu Pastacılık ve Malzemeleri,279.9,,40.7,InStock,Son 3 günde 500+ ürün satıldı!,4.4,480,7,45,"[""Kargo Bedava""]",51 dakika 50 saniye içinde sipariş verirsen en geç bugün kargoda!,refreshed,0,https://www.trendyol.com/aygoren-home/3-lu-kare-stil-pinterest-sepet-dekoratif-ev-duzenleyici-p-952486288?boutiqueId=61&merchantId=380979
153,-101,28.5,36.5,971174145,"adornazzle 1 Adet Yapışkanlı Pratik Mop Tutucu, Temizlik Fırçası Tutucu, Şemsiye Tutucu, Fırça Kepçe Tutucu",adornazzle,ADORNAZZLE,34.9,,0,InStock,Son 3 günde 500+ ürün satıldı!,4,202,1,20,"[""Kargo Bedava""]",4 saat 52 dakika içinde sipariş verirsen en geç bugün kargoda!,refreshed,0,https://www.trendyol.com/adornazzle/1-adet-yapiskanli-pratik-mop-tutucu-temizlik-fircasi-tutucu-semsiye-tutucu-firca-kepce-tutucu-p-971174145?boutiqueId=61&merchantId=1024262
159,-106,31.4,16.1,754534944,zabata Dolap Içi Düzenleyici Organizer Tezgah Banyo Tabak Bardak Mutfak Banyo Düzenleme,zabata,Zabata Türkiye,149,,0,InStock,Son 3 günde 250+ ürün satıldı!,4.5,1973,2,173,"[""Kargo Bedava""]",51 dakika 50 saniye içinde sipariş verirsen en geç bugün kargoda!,refreshed,0,https://www.trendyol.com/zabata/dolap-ici-duzenleyici-organizer-tezgah-banyo-tabak-bardak-mutfak-banyo-duzenleme-p-754534944?boutiqueId=61&merchantId=550676
165,-108,13.7,16.3,1157720604,"Fast Story Beyaz Amerikan Kapı Arkası Askılık Mutfak Banyo Düzenleyici , Elbise Askısı, Askılık, Askı, Plastik Askı",Fast Story,Fast Story,34.99,,0,InStock,Son 3 günde 250+ ürün satıldı!,3.6,51,1,,[],,refreshed,0,https://www.trendyol.com/fast-story/beyaz-amerikan-kapi-arkasi-askilik-mutfak-banyo-duzenleyici-elbise-askisi-askilik-aski-plastik-aski-p-1157720604?boutiqueId=61&merchantId=1142113
154,-117,35.9,29.1,833004143,zabata 7x7 CM Süper Güçlü Yapışkanlı Banyo Askısı Yedek 4 Adet Sticker Raf Tutucu Askı,zabata,Zabata Türkiye,117.8,,0,InStock,Son 3 günde 500+ ürün satıldı!,4.5,1706,6,134,"[""Kargo Bedava"",""Trendyol Plus'a Özel""]",51 dakika 56 saniye içinde sipariş verirsen en geç bugün kargoda!,refreshed,0,https://www.trendyol.com/zabata/7x7-cm-super-guclu-yapiskanli-banyo-askisi-yedek-4-adet-sticker-raf-tutucu-aski-p-833004143?boutiqueId=61&merchantId=550676
149,-121,33.9,31.1,742271416,KARTEYA Siyah Rulo Havluluk Peçetelik Yapışkanlı Pratik Banyo Mutfak Askısı Kağıt Rulo Havluluk,KARTEYA,EYA Grup,46.55,,0,InStock,Son 3 günde 500+ ürün satıldı!,4.6,957,1,82,"[""Kargo Bedava"",""Trendyol Plus'a Özel""]",13 saat 52 dakika içinde sipariş verirsen en geç yarın kargoda!,refreshed,0,https://www.trendyol.com/karteya/siyah-rulo-havluluk-pecetelik-yapiskanli-pratik-banyo-mutfak-askisi-kagit-rulo-havluluk-p-742271416?boutiqueId=61&merchantId=652389
147,-123,42.9,25,62204500,EFFE YAPI DEKOR Gold Metal Çerçeveli Oval Ayaklı Boy Aynası 180 x 70 Cm,EFFE YAPI DEKOR,Effe Yapi Dekor,1650,,0,InStock,Son 3 günde 500+ ürün satıldı!,4.8,12793,14,1785,"[""Kargo Bedava"",""Peşin Fiyatına 3 Taksit""]",Tahmini Teslim:,refreshed,0,https://www.trendyol.com/effe-yapi-dekor/gold-metal-cerceveli-oval-ayakli-boy-aynasi-180-x-70-cm-p-62204500?boutiqueId=61&merchantId=165535
150,-130,31.9,33.1,994085835,AKDAG HOME Tekli Paslanmaz Bulaşık Süngeri Tutucu Yapışkanlı Askılık Çift Taraflı Yapışkanlı Gri,AKDAG HOME,BEYZANA,74.99,,0,InStock,Son 3 günde 500+ ürün satıldı!,4,547,4,56,"[""Kargo Bedava""]",13 saat 52 dakika içinde sipariş verirsen en geç yarın kargoda!,refreshed,0,https://www.trendyol.com/akdag-home/tekli-paslanmaz-bulasik-sungeri-tutucu-yapiskanli-askilik-cift-tarafli-yapiskanli-gri-p-994085835?boutiqueId=61&merchantId=638780
167,-134,29,18.5,844923390,VİE HOUSE Yapışkanlı Siyah Kağıt Havluluk Rulo Havluluk Peçetelik Yapışkanlı Tasarım Askı,VİE HOUSE,VİE HOUSE,61.49,,0,InStock,Son 3 günde 250+ ürün satıldı!,4.5,1008,10,77,"[""Kargo Bedava""]",1 saat 51 dakika içinde sipariş verirsen en geç bugün kargoda!,refreshed,0,https://www.trendyol.com/vie-house/yapiskanli-siyah-kagit-havluluk-rulo-havluluk-pecetelik-yapiskanli-tasarim-aski-p-844923390?boutiqueId=61&merchantId=996376
148,-135,33.2,31.8,888694991,"Ecolux 6 Adet 3.5 Lt Dolap Içi, Buzdolabı Düzenleyici, Banyo, Mutfak Organizeri Sepet BEYAZ 24cm16cm11cm",Ecolux,Ecolux,199.9,,0,InStock,Son 3 günde 500+ ürün satıldı!,4.7,800,11,80,"[""Kargo Bedava"",""Trendyol Plus'a Özel""]",1 saat 52 dakika içinde sipariş verirsen en geç bugün kargoda!,refreshed,0,https://www.trendyol.com/ecolux/6-adet-3-5-lt-dolap-ici-buzdolabi-duzenleyici-banyo-mutfak-organizeri-sepet-beyaz-24cm16cm11cm-p-888694991?boutiqueId=61&merchantId=271062
157,-141,35.4,12.5,772042373,BEYZANA Bambu Kirli Çamaşır Sepeti Dikdörtgen -katlanabilir Bambu Kirli Çamaşır Sepeti,BEYZANA,BEYZANA,429.99,,0,InStock,Son 3 günde 250+ ürün satıldı!,4.2,6337,18,981,"[""Kargo Bedava""]",13 saat 51 dakika içinde sipariş verirsen en geç yarın kargoda!,refreshed,0,https://www.trendyol.com/beyzana/bambu-kirli-camasir-sepeti-dikdortgen-katlanabilir-bambu-kirli-camasir-sepeti-p-772042373?boutiqueId=61&merchantId=638780
145,-142,50.9,50,812982023,BEYZANA 3'lü Bambu Çok Amaçlı Sepet Dikdörtgen,BEYZANA,BEYZANA,199.99,,0,InStock,Son 3 günde 1B+ ürün satıldı!,4.5,7352,24,614,"[""Kargo Bedava"",""Trendyol Plus'a Özel""]",13 saat 52 dakika içinde sipariş verirsen en geç yarın kargoda!,refreshed,0,https://www.trendyol.com/beyzana/3-lu-bambu-cok-amacli-sepet-dikdortgen-p-812982023?boutiqueId=61&merchantId=638780
163,-142,16.9,13.1,1087970728,BEYZANA 1 Adet Paspas Süpürge Fırça ve Mop Askısı Sap Tutucu Mutfak Askı,BEYZANA,BEYZANA,24.99,,0,InStock,Son 3 günde 250+ ürün satıldı!,3.9,128,1,,[],13 saat 51 dakika içinde sipariş verirsen en geç yarın kargoda!,refreshed,0,https://www.trendyol.com/beyzana/1-adet-paspas-supurge-firca-ve-mop-askisi-sap-tutucu-mutfak-aski-p-1087970728?boutiqueId=61&merchantId=638780
