date,captured_at,query,sort,search_position,bestseller_rank,category_rank,rank_delta,trend_score,niche_score,product_id,merchant_id,title,brand,category,url,seller_name,seller_score,price,original_price,discount_percent,price_delta_percent,currency,campaigns,stock_status,stock_signal,sales_signal,sales_signal_min,rating,rating_count,review_count,review_delta,question_count,basket_signal,favorite_signal,view_signal,shipping_cost,shipping_currency,handling_days_min,handling_days_max,transit_days_min,transit_days_max,delivery_summary,badge,image_url,properties,sample_review_count,sample_review_avg,data_sources,field_availability,detail_ok,detail_error
2026-08-14,2026-08-14T12:23:15+03:00,çocuk,BEST_SELLER,1,1,1,,142.3,75.2,959516754,357212,Go Toys Go Magnetic Series 72 Parça Manyetik Yapı Blokları Original - Mıknatıslı Manyetik Bloklar,Go Toys,Eğitici Oyuncak,https://www.trendyol.com/go-toys/go-magnetic-series-72-parca-manyetik-yapi-bloklari-original-miknatisli-manyetik-bloklar-p-959516754?boutiqueId=61&merchantId=357212,Shopist,9,1865.75,2195,15,,TRY,"[""Sepette %15 İndirim"",""Kargo Bedava"",""Peşin Fiyatına 3 Taksit""]",InStock,100 adetten fazla stok sunulmuştur,Son 3 günde 1B+ ürün satıldı!,1000,4.2,10998,4633,,600,"24,4B kişinin sepetinde","438,9B kişi favoriledi","Son 24 saatte 6,5B kişi görüntüledi",4999,TRY,0,1,1,4,11 saat 36 dakika içinde sipariş verirsen en geç yarın kargoda!,En Çok Satan 1. Ürün,https://cdn.dsmcdn.com/ty1000388/product/media/images/prod/PIM/20260417/06/199e148e-a776-48e6-963e-bef3603d28f4/1_org_zoom.jpg,"{""Paket İçeriği"":""72'li"",""Yaş"":""3+ Yaş"",""Piller Kutuya Dahil Mi?"":""Hayır"",""Dil"":""Evrensel Dil"",""Pil ile mi çalışır?"":""Hayır"",""Menşei"":""TR"",""Özellik"":""Mıknatıslı""}",20,5,"[""search_result_dom"",""product_detail_jsonld"",""product_detail_dom""]","{""title"":""observed"",""brand"":""observed"",""seller_name"":""observed"",""seller_score"":""observed"",""price"":""observed"",""original_price"":""observed"",""campaigns"":""observed"",""stock_status"":""observed"",""stock_signal"":""observed"",""rating"":""observed"",""rating_count"":""observed"",""review_count"":""observed"",""question_count"":""observed"",""delivery_summary"":""observed"",""shipping_cost"":""observed"",""properties"":""observed""}",true,
2026-08-14,2026-08-14T12:23:15+03:00,çocuk,BEST_SELLER,2,2,,,133.2,59.1,858144107,982060,H&M 3’lü Pamuklu Kolsuz Üst,,,https://www.trendyol.com/h-m/3-lu-pamuklu-kolsuz-ust-p-858144107?boutiqueId=61&merchantId=982060,H&M,3,399.99,549.99,27.3,,TRY,"[""20 TL Kupon"",""Son 10 Günün En Düşük Fiyatı"",""Kargo Bedava"",""Son 10 günün en düşük fiyatı""]",InStock,100 adetten fazla stok sunulmuştur,Son 3 günde 500+ ürün satıldı!,500,4.7,306,,,12,"2,7B kişinin sepetinde","36,9B kişi favoriledi","Son 24 saatte 17,4B kişi görüntüledi",,,0,,,,Tahmini Teslim:,Fenomen Seçimi,,{},0,,"[""search_result_dom"",""product_detail_jsonld"",""product_detail_dom""]","{""title"":""observed"",""brand"":""unavailable"",""seller_name"":""observed"",""seller_score"":""observed"",""price"":""observed"",""original_price"":""observed"",""campaigns"":""observed"",""stock_status"":""observed"",""stock_signal"":""observed"",""rating"":""observed"",""rating_count"":""observed"",""review_count"":""unavailable"",""question_count"":""observed"",""delivery_summary"":""observed"",""shipping_cost"":""unavailable"",""properties"":""observed""}",true,
2026-08-14,2026-08-14T12:23:15+03:00,çocuk,BEST_SELLER,3,3,2,,111.9,50.6,955779223,1159908,ankahometoys Puzzle City 3D Yapı Blokları - 128 Parça Eğitici Şehir Kurma ve Tasarım Seti,ankahometoys,Eğitici Oyuncak,https://www.trendyol.com/ankahometoys/puzzle-city-3d-yapi-bloklari-128-parca-egitici-sehir-kurma-ve-tasarim-seti-p-955779223?boutiqueId=61&merchantId=1159908,PLASTMARKET,94,99.9,,,,TRY,"[""Kargo Bedava"",""Trendyol Plus'a Özel""]",InStock,100 adetten fazla stok sunulmuştur,Son 3 günde 500+ ürün satıldı!,500,4.4,6045,3097,,278,7B kişinin sepetinde,"143,2B kişi favoriledi","Son 24 saatte 3,3B kişi görüntüledi",4999,TRY,0,,1,4,Tahmini Teslim:,En Çok Satan 2. Ürün,https://cdn.dsmcdn.com/ty1859/prod/QC_ENRICHMENT/20260422/10/5c3c7aa8-5b58-3be6-8d39-27b0e52b1234/1_org_zoom.jpg,"{""Paket İçeriği"":""120'li"",""Yaş"":""3+ Yaş"",""Piller Kutuya Dahil Mi?"":""Hayır"",""Dil"":""Evrensel Dil"",""Pil ile mi çalışır?"":""Hayır"",""Menşei"":""TR"",""Ürün Uyarıları (Oyuncak)"":""3 yaş ve üzeri çocuklar için uygundur"",""Özellik"":""Enerji Tasarrufu""}",20,5,"[""search_result_dom"",""product_detail_jsonld"",""product_detail_dom""]","{""title"":""observed"",""brand"":""observed"",""seller_name"":""observed"",""seller_score"":""observed"",""price"":""observed"",""original_price"":""unavailable"",""campaigns"":""observed"",""stock_status"":""observed"",""stock_signal"":""observed"",""rating"":""observed"",""rating_count"":""observed"",""review_count"":""observed"",""question_count"":""observed"",""delivery_summary"":""observed"",""shipping_cost"":""observed"",""properties"":""observed""}",true,
2026-08-14,2026-08-14T12:23:15+03:00,çocuk,BEST_SELLER,4,4,,,97,,1183064934,357212,Go Toys Kinetik Top Duyusal Oyuncak - SpinnBall Stret Oyuncak 1 Adet,Go Toys,Eğitici Oyuncak,https://www.trendyol.com/go-toys/kinetik-top-duyusal-oyuncak-spinnball-stret-oyuncak-1-adet-p-1183064934?boutiqueId=61&merchantId=357212,Shopist,9,199.75,235,15,,TRY,"[""Sepette %15 İndirim"",""Kargo Bedava""]",InStock,100 adetten fazla stok sunulmuştur,Son 3 günde 500+ ürün satıldı!,500,,,,,3,5B kişinin sepetinde,"7,8B kişi favoriledi","Son 24 saatte 11,4B kişi görüntüledi",4999,TRY,0,1,1,4,11 saat 36 dakika içinde sipariş verirsen en geç yarın kargoda!,En Çok Ziyaret Edilen 1. Ürün,https://cdn.dsmcdn.com/ty1901/prod/QC_PREP/20260810/10/3e22a150-35e2-3887-b3ac-21a1aaf8afb2/1_org_zoom.jpg,"{""Paket İçeriği"":""1'li"",""Yaş"":""3+ Yaş"",""Piller Kutuya Dahil Mi?"":""Hayır"",""Dil"":""Evrensel Dil"",""Pil ile mi çalışır?"":""Hayır"",""Menşei"":""TR""}",0,,"[""search_result_dom"",""product_detail_jsonld"",""product_detail_dom""]","{""title"":""observed"",""brand"":""observed"",""seller_name"":""observed"",""seller_score"":""observed"",""price"":""observed"",""original_price"":""observed"",""campaigns"":""observed"",""stock_status"":""observed"",""stock_signal"":""observed"",""rating"":""unavailable"",""rating_count"":""unavailable"",""review_count"":""unavailable"",""question_count"":""observed"",""delivery_summary"":""observed"",""shipping_cost"":""observed"",""properties"":""observed""}",true,
2026-08-14,2026-08-14T12:23:15+03:00,çocuk,BEST_SELLER,5,5,4,,103.5,54,1081617521,1218056,Mino Makers 78 Parça Manyetik Yapı Blokları - Çocuklar İçin 3 Boyutlu Renkli Mıknatıslı 78 Parça Manyetik Blok Oyun Seti,Mino Makers,Eğitici Oyuncak,https://www.trendyol.com/mino-makers/78-parca-manyetik-yapi-bloklari-cocuklar-icin-3-boyutlu-renkli-miknatisli-78-parca-manyetik-blok-oyun-seti-p-1081617521?boutiqueId=61&merchantId=1218056,Mino Makers,95,1549.9,,,,TRY,"[""Kargo Bedava"",""Peşin Fiyatına 3 Taksit""]",InStock,100 adetten fazla stok sunulmuştur,Son 3 günde 500+ ürün satıldı!,500,4.4,1531,859,,208,"5,8B kişinin sepetinde","72,8B kişi favoriledi","Son 24 saatte 4,1B kişi görüntüledi",4999,TRY,0,3,1,6,Tahmini Teslim:,En Çok Satan 4. Ürün,https://cdn.dsmcdn.com/ty1913/prod/QC_ENRICHMENT/20260604/14/9b97664c-feae-338d-92d9-c3d381847600/1_org_zoom.jpg,"{""Paket İçeriği"":""50 -100"",""Yaş"":""3+ Yaş"",""Piller Kutuya Dahil Mi?"":""Hayır"",""Dil"":""Evrensel Dil"",""Pil ile mi çalışır?"":""Hayır"",""Menşei"":""TR"",""Özellik"":""Mıknatıslı""}",20,5,"[""search_result_dom"",""product_detail_jsonld"",""product_detail_dom""]","{""title"":""observed"",""brand"":""observed"",""seller_name"":""observed"",""seller_score"":""observed"",""price"":""observed"",""original_price"":""unavailable"",""campaigns"":""observed"",""stock_status"":""observed"",""stock_signal"":""observed"",""rating"":""observed"",""rating_count"":""observed"",""review_count"":""observed"",""question_count"":""observed"",""delivery_summary"":""observed"",""shipping_cost"":""observed"",""properties"":""observed""}",true,
2026-08-14,2026-08-14T12:23:15+03:00,çocuk,BEST_SELLER,6,6,,,128.2,47,876839630,1047741,Magly Manyetik Yapı Blokları – Çocuklar İçin Renkli 3 Boyutlu 72 Parça Manyetik Karo Oyun Seti,Magly,Eğitici Oyuncak,https://www.trendyol.com/magly/manyetik-yapi-bloklari-cocuklar-icin-renkli-3-boyutlu-72-parca-manyetik-karo-oyun-seti-p-876839630?boutiqueId=61&merchantId=1047741,Magly,,2196,2745,20,,TRY,"[""Sepette %20 İndirim"",""Kargo Bedava"",""Peşin Fiyatına 3 Taksit""]",InStock,100 adetten fazla stok sunulmuştur,Son 3 günde 500+ ürün satıldı!,500,4.7,10739,5926,,829,"18,8B kişinin sepetinde",436B kişi favoriledi,"Son 24 saatte 5,2B kişi görüntüledi",4999,TRY,0,1,1,4,2 saat 36 dakika içinde sipariş verirsen en geç bugün kargoda!,En Çok Favorilenen 2. Ürün,https://cdn.dsmcdn.com/ty1602/prod/QC/20241118/16/18962b5a-dc5e-3472-b1bb-56962270878a/1_org_zoom.jpg,"{""Paket İçeriği"":""72'li"",""Yaş"":""3+ Yaş"",""Piller Kutuya Dahil Mi?"":""Hayır"",""Dil"":""Evrensel Dil"",""Pil ile mi çalışır?"":""Hayır"",""Diğer Özellikler"":""manyetik bloklar"",""Menşei"":""TR"",""Ürün Uyarıları (Oyuncak)"":""3 yaş üstü"",""Batarya Türü"":""Diğer"",""Batarya Boyutu"":""Uygulanabilir Değil"",""Özellik"":""Diğer""}",20,5,"[""search_result_dom"",""product_detail_jsonld"",""product_detail_dom""]","{""title"":""observed"",""brand"":""observed"",""seller_name"":""observed"",""seller_score"":""unavailable"",""price"":""observed"",""original_price"":""observed"",""campaigns"":""observed"",""stock_status"":""observed"",""stock_signal"":""observed"",""rating"":""observed"",""rating_count"":""observed"",""review_count"":""observed"",""question_count"":""observed"",""delivery_summary"":""observed"",""shipping_cost"":""observed"",""properties"":""observed""}",true,
2026-08-14,2026-08-14T12:23:15+03:00,çocuk,BEST_SELLER,7,7,1,,116.1,60.7,858709533,982060,H&M 2'li Jogger Pantolon,,,https://www.trendyol.com/h-m/2-li-jogger-pantolon-p-858709533?boutiqueId=61&merchantId=982060,,,529.99,699.99,24.3,,TRY,"[""Son 10 Günün En Düşük Fiyatı"",""20 TL Kupon"",""Kargo Bedava"",""Son 10 günün en düşük fiyatı"",""Trendyol Plus'a Özel""]",InStock,Son 2 Ürün,Son 3 günde 500+ ürün satıldı!,500,4.6,94,,,13,2B kişinin sepetinde,"11,6B kişi favoriledi","Son 24 saatte 3,7B kişi görüntüledi",,,0,,,,Tahmini Teslim:,En Çok Satan 1. Ürün,,{},0,,"[""search_result_dom"",""product_detail_jsonld"",""product_detail_dom""]","{""title"":""observed"",""brand"":""unavailable"",""seller_name"":""unavailable"",""seller_score"":""unavailable"",""price"":""observed"",""original_price"":""observed"",""campaigns"":""observed"",""stock_status"":""observed"",""stock_signal"":""observed"",""rating"":""observed"",""rating_count"":""observed"",""review_count"":""unavailable"",""question_count"":""observed"",""delivery_summary"":""observed"",""shipping_cost"":""unavailable"",""properties"":""observed""}",true,
2026-08-14,2026-08-14T12:23:15+03:00,çocuk,BEST_SELLER,8,8,1,,111.7,53.3,1107131330,357212,Go Toys Go Track Mavi Renk Esnek Yarış-Aksiyon Pisti 4.5 Mt - Flex track,Go Toys,Diğer Oyuncaklar,https://www.trendyol.com/go-toys/go-track-mavi-renk-esnek-yaris-aksiyon-pisti-4-5-mt-flex-track-p-1107131330?boutiqueId=61&merchantId=357212,Shopist,9,288.15,339,15,,TRY,"[""Sepette %15 İndirim"",""Kargo Bedava""]",InStock,100 adetten fazla stok sunulmuştur,Son 3 günde 500+ ürün satıldı!,500,4.3,1740,694,,146,"4,6B kişinin sepetinde","151,4B kişi favoriledi","Son 24 saatte 1,8B kişi görüntüledi",4999,TRY,0,1,1,4,11 saat 36 dakika içinde sipariş verirsen en geç yarın kargoda!,En Çok Satan 1. Ürün,https://cdn.dsmcdn.com/ty1829/prod/QC_PREP/20260219/22/7a0577d0-2537-3975-86db-ae4fc92191dc/1_org_zoom.jpg,"{""Paket İçeriği"":""1+"",""Yaş"":""1+ Yaş"",""Piller Kutuya Dahil Mi?"":""Hayır"",""Pil ile mi çalışır?"":""Hayır"",""Menşei"":""TR""}",20,5,"[""search_result_dom"",""product_detail_jsonld"",""product_detail_dom""]","{""title"":""observed"",""brand"":""observed"",""seller_name"":""observed"",""seller_score"":""observed"",""price"":""observed"",""original_price"":""observed"",""campaigns"":""observed"",""stock_status"":""observed"",""stock_signal"":""observed"",""rating"":""observed"",""rating_count"":""observed"",""review_count"":""observed"",""question_count"":""observed"",""delivery_summary"":""observed"",""shipping_cost"":""observed"",""properties"":""observed""}",true,
2026-08-14,2026-08-14T12:23:15+03:00,çocuk,BEST_SELLER,9,9,,,98.5,49,894860281,126620,yükselen zeka İlk Pofidik Magnet Puzzle - Çiftlik Hayvanları,yükselen zeka,Bebek & Aktivite Oyuncakları,https://www.trendyol.com/yukselen-zeka/ilk-pofidik-magnet-puzzle-ciftlik-hayvanlari-p-894860281?boutiqueId=61&merchantId=126620,YÜKSELEN ZEKA,93,308.1,,,,TRY,"[""Sepette %2 İndirim"",""Kargo Bedava""]",InStock,100 adetten fazla stok sunulmuştur,Son 3 günde 500+ ürün satıldı!,500,4.7,3403,2059,,112,"2,9B kişinin sepetinde","89,5B kişi favoriledi",Son 24 saatte 952 kişi görüntüledi,4999,TRY,0,1,1,4,Tahmini Teslim:,,https://cdn.dsmcdn.com/ty1631/prod/QC/20250124/17/e4e835b7-931f-36c9-b687-0ca9d05023a3/1_org_zoom.jpg,"{""Paket İçeriği"":""Belirtilmemiş"",""Yaş"":""0 - 1 Yaş"",""Dil"":""Türkçe"",""Pil ile mi çalışır?"":""Hayır"",""Piller Kutuya Dahil Mi?"":""Hayır"",""Menşei"":""TR""}",20,5,"[""search_result_dom"",""product_detail_jsonld"",""product_detail_dom""]","{""title"":""observed"",""brand"":""observed"",""seller_name"":""observed"",""seller_score"":""observed"",""price"":""observed"",""original_price"":""unavailable"",""campaigns"":""observed"",""stock_status"":""observed"",""stock_signal"":""observed"",""rating"":""observed"",""rating_count"":""observed"",""review_count"":""observed"",""question_count"":""observed"",""delivery_summary"":""observed"",""shipping_cost"":""observed"",""properties"":""observed""}",true,
2026-08-14,2026-08-14T12:23:15+03:00,çocuk,BEST_SELLER,10,10,,,86.2,41.3,887625564,496056,Monalisa Çocuk Renkli Ponpon Toka 10’Lu,Monalisa,Toka,https://www.trendyol.com/monalisa/cocuk-renkli-ponpon-toka-10-lu-p-887625564?boutiqueId=61&merchantId=496056,Monalisa Toka,,20.99,,,,TRY,"[""Kargo Bedava"",""Trendyol Plus'a Özel""]",InStock,100 adetten fazla stok sunulmuştur,Son 3 günde 250+ ürün satıldı!,250,3.5,798,447,,46,"1,4B kişinin sepetinde","29,1B kişi favoriledi",Son 24 saatte 564 kişi görüntüledi,4999,TRY,0,,1,4,2 saat 36 dakika içinde sipariş verirsen en geç bugün kargoda!,,https://cdn.dsmcdn.com/ty1618/prod/QC/20241228/00/c41205e3-a9f5-3702-9b76-f9d169b1362b/1_org_zoom.jpg,"{""Desen"":""Renkli"",""Materyal Bileşeni"":""kaplama"",""Materyal"":""Polyester"",""Renk"":""Çok Renkli"",""Menşei"":""TR""}",20,5,"[""search_result_dom"",""product_detail_jsonld"",""product_detail_dom""]","{""title"":""observed"",""brand"":""observed"",""seller_name"":""observed"",""seller_score"":""unavailable"",""price"":""observed"",""original_price"":""unavailable"",""campaigns"":""observed"",""stock_status"":""observed"",""stock_signal"":""observed"",""rating"":""observed"",""rating_count"":""observed"",""review_count"":""observed"",""question_count"":""observed"",""delivery_summary"":""observed"",""shipping_cost"":""observed"",""properties"":""observed""}",true,
2026-08-14,2026-08-14T12:23:15+03:00,çocuk,BEST_SELLER,11,11,1,,80.3,44.7,1146152778,104936,Dark Seer DS Speedy Beyaz Mor Tekerlekli Işıklı Paten Çocuk Ayakkabı Sneaker,,,https://www.trendyol.com/dark-seer/ds-speedy-beyaz-mor-tekerlekli-isikli-paten-cocuk-ayakkabi-sneaker-p-1146152778?boutiqueId=61&merchantId=104936,Dark Seer,,1799.9,,,,TRY,"[""Kargo Bedava"",""Peşin Fiyatına 3 Taksit"",""Trendyol Plus'a Özel""]",InStock,50 adetten fazla stok sunulmuştur,Son 3 günde 250+ ürün satıldı!,250,4.4,146,,,77,"2,6B kişinin sepetinde","14,1B kişi favoriledi","Son 24 saatte 3,5B kişi görüntüledi",,,0,,,,Tahmini Teslim:,En Çok Satan 1. Ürün,,{},0,,"[""search_result_dom"",""product_detail_jsonld"",""product_detail_dom""]","{""title"":""observed"",""brand"":""unavailable"",""seller_name"":""observed"",""seller_score"":""unavailable"",""price"":""observed"",""original_price"":""unavailable"",""campaigns"":""observed"",""stock_status"":""observed"",""stock_signal"":""observed"",""rating"":""observed"",""rating_count"":""observed"",""review_count"":""unavailable"",""question_count"":""observed"",""delivery_summary"":""observed"",""shipping_cost"":""unavailable"",""properties"":""observed""}",true,
2026-08-14,2026-08-14T12:23:15+03:00,çocuk,BEST_SELLER,12,12,1,,88.4,44.1,1163407346,758938,HaLVeY Gizemli Paket Renkli Çin Mantısı 1 Adet Sürpriz renk & Ürün İle Birlikte Çocuklar İçin Hediye Oyuncak Anahtarlık Gönderilecektir,HaLVeY,Sürpriz Oyuncak Figürü,https://www.trendyol.com/halvey/gizemli-paket-renkli-cin-mantisi-1-adet-surpriz-renk-urun-ile-birlikte-cocuklar-icin-hediye-oyuncak-anahtarlik-gonderilecektir-p-1163407346?boutiqueId=61&merchantId=758938,HaLVeY Kozmetik,9,535.5,595,10,,TRY,"[""Sepette %10 İndirim"",""Kargo Bedava""]",InStock,100 adetten fazla stok sunulmuştur,Son 3 günde 250+ ürün satıldı!,250,3.9,190,148,,24,"6,4B kişinin sepetinde","12,2B kişi favoriledi","Son 24 saatte 3,5B kişi görüntüledi",4999,TRY,0,1,1,4,Tahmini Teslim:,En Çok Satan 1. Ürün,https://cdn.dsmcdn.com/ty1910/prod/QC_PREP/20260701/17/f10b04b1-5f27-3bbb-ae04-17b722f4082c/1_org_zoom.jpg,"{""Yaş"":""3+ Yaş"",""Menşei"":""CN""}",20,5,"[""search_result_dom"",""product_detail_jsonld"",""product_detail_dom""]","{""title"":""observed"",""brand"":""observed"",""seller_name"":""observed"",""seller_score"":""observed"",""price"":""observed"",""original_price"":""observed"",""campaigns"":""observed"",""stock_status"":""observed"",""stock_signal"":""observed"",""rating"":""observed"",""rating_count"":""observed"",""review_count"":""observed"",""question_count"":""observed"",""delivery_summary"":""observed"",""shipping_cost"":""observed"",""properties"":""observed""}",true,
2026-08-14,2026-08-14T12:23:15+03:00,çocuk,BEST_SELLER,13,13,6,,118.7,41.3,987253589,1164978,"Genel Markalar 3'lü Bebek Vakumlu Döner Topaç: Duyu Gelişimi Destekli, Serbest Kombinasyonlu ABS Hayvan Oyuncağı",Genel Markalar,Eğitici Oyuncak,https://www.trendyol.com/genel-markalar/3-lu-bebek-vakumlu-doner-topac-duyu-gelisimi-destekli-serbest-kombinasyonlu-abs-hayvan-oyuncagi-p-987253589?boutiqueId=61&merchantId=1164978,BBSKY,96,599,998.34,40,,TRY,"[""Sepette %40 İndirim"",""125 TL Kupon"",""Kargo Bedava"",""Sepette %20 İndirim""]",InStock,100 adetten fazla stok sunulmuştur,Son 3 günde 250+ ürün satıldı!,250,4.5,455,288,,26,"1,1B kişinin sepetinde","27,8B kişi favoriledi","Son 24 saatte 1,2B kişi görüntüledi",4999,TRY,0,1,1,4,11 saat 35 dakika içinde sipariş verirsen en geç yarın kargoda!,En Çok Satan 6. Ürün,https://cdn.dsmcdn.com/ty1931/prod/QC_ENRICHMENT/20260802/22/a159a028-5cc9-37ec-9d3a-a1c6edfe06ac/1_org_zoom.jpg,"{""Paket İçeriği"":""3'lü"",""Yaş"":""1+ Yaş"",""Piller Kutuya Dahil Mi?"":""Hayır"",""Dil"":""Evrensel Dil"",""Pil ile mi çalışır?"":""Hayır"",""Diğer Özellikler"":""Çocukların el-göz becerilerini destekler"",""Menşei"":""CN"",""Ürün Uyarıları (Oyuncak)"":""1,10 ay ve üzeri bebekler için uygundur.2,Yalnızca yetişkin gözetiminde kullanılmalıdır.3,Ambalaj malzemelerini çocuklardan uzak tutunuz, boğulma tehlikesi vardır.4,Oyuncağı düzenli olarak kontrol edin, hasarlı parçaları kullanmayınız."",""Özellik"":""Vakumlu""}",20,5,"[""search_result_dom"",""product_detail_jsonld"",""product_detail_dom""]","{""title"":""observed"",""brand"":""observed"",""seller_name"":""observed"",""seller_score"":""observed"",""price"":""observed"",""original_price"":""observed"",""campaigns"":""observed"",""stock_status"":""observed"",""stock_signal"":""observed"",""rating"":""observed"",""rating_count"":""observed"",""review_count"":""observed"",""question_count"":""observed"",""delivery_summary"":""observed"",""shipping_cost"":""observed"",""properties"":""observed""}",true,
2026-08-14,2026-08-14T12:23:15+03:00,çocuk,BEST_SELLER,14,14,,,75.5,42,342139878,190370,Brother Toys Büyük Boy Dön Dolaş Ördekler Işıklı Müzikli Oyuncak Ördek Oyunu,Brother Toys,Bebek & Aktivite Oyuncakları,https://www.trendyol.com/brother-toys/buyuk-boy-don-dolas-ordekler-isikli-muzikli-oyuncak-ordek-oyunu-p-342139878?boutiqueId=61&merchantId=190370,BROTHERTOYS,92,549.9,,,,TRY,"[""Kargo Bedava""]",InStock,100 adetten fazla stok sunulmuştur,Son 3 günde 250+ ürün satıldı!,250,4.1,339,205,,75,"1,6B kişinin sepetinde","16,6B kişi favoriledi","Son 24 saatte 1,7B kişi görüntüledi",4999,TRY,0,,1,4,1 saat 35 dakika içinde sipariş verirsen en geç bugün kargoda!,En Çok Ziyaret Edilen 1. Ürün,https://cdn.dsmcdn.com/ty1691/prod/QC_ENRICHMENT/20250604/23/837885aa-214c-3fdb-9744-4321dea88087/1_org_zoom.jpg,"{""Paket İçeriği"":""8'li"",""Yaş"":""3+ Yaş"",""Dil"":""Evrensel Dil"",""Pil ile mi çalışır?"":""Evet"",""Piller Kutuya Dahil Mi?"":""Hayır"",""Diğer Özellikler"":""Kaliteli Malzeme"",""Menşei"":""CN"",""Ürün Uyarıları (Oyuncak)"":""Uyarı. 3 Yaşından Küçük Çocuklar İçin Uygun Değildir. Ebeveyn Kontrolünde Kullanılabilir."",""Özellik"":""Belirtilmemiş""}",20,5,"[""search_result_dom"",""product_detail_jsonld"",""product_detail_dom""]","{""title"":""observed"",""brand"":""observed"",""seller_name"":""observed"",""seller_score"":""observed"",""price"":""observed"",""original_price"":""unavailable"",""campaigns"":""observed"",""stock_status"":""observed"",""stock_signal"":""observed"",""rating"":""observed"",""rating_count"":""observed"",""review_count"":""observed"",""question_count"":""observed"",""delivery_summary"":""observed"",""shipping_cost"":""observed"",""properties"":""observed""}",true,
2026-08-14,2026-08-14T12:23:15+03:00,çocuk,BEST_SELLER,15,15,1,,105.1,31.9,127941079,422170,Tutku Renkli Erkek Çocuk Boxer 6 Lı Paket,,,https://www.trendyol.com/tutku/renkli-erkek-cocuk-boxer-6-li-paket-p-127941079?boutiqueId=61&merchantId=422170,BEYAZ TOPTAN TEKSTİL,91,350,449,22,,TRY,"[""Kargo Bedava"",""Son 10 Günün En Düşük Fiyatı"",""Son 10 günün en düşük fiyatı""]",InStock,50 adetten fazla stok sunulmuştur,Son 3 günde 250+ ürün satıldı!,250,4.5,3242,,,501,"2,2B kişinin sepetinde","23,8B kişi favoriledi","Son 24 saatte 1,6B kişi görüntüledi",,,0,,,,11 saat 35 dakika içinde sipariş verirsen en geç yarın kargoda!,En Çok Satan 1. Ürün,,{},0,,"[""search_result_dom"",""product_detail_jsonld"",""product_detail_dom""]","{""title"":""observed"",""brand"":""unavailable"",""seller_name"":""observed"",""seller_score"":""observed"",""price"":""observed"",""original_price"":""observed"",""campaigns"":""observed"",""stock_status"":""observed"",""stock_signal"":""observed"",""rating"":""observed"",""rating_count"":""observed"",""review_count"":""unavailable"",""question_count"":""observed"",""delivery_summary"":""observed"",""shipping_cost"":""unavailable"",""properties"":""observed""}",true,
2026-08-14,2026-08-14T12:23:15+03:00,çocuk,BEST_SELLER,16,16,1,,100.7,50.6,862599544,982060,H&M Straight Leg Okul Pantolonu,,,https://www.trendyol.com/h-m/straight-leg-okul-pantolonu-p-862599544?boutiqueId=61&merchantId=982060,H&M,,299.99,489.99,38.8,,TRY,"[""20 TL Kupon"",""Son 10 Günün En Düşük Fiyatı"",""Kargo Bedava"",""Son 10 günün en düşük fiyatı""]",InStock,10 adetten fazla stok sunulmuştur,Son 3 günde 250+ ürün satıldı!,250,4.6,12,,,4,326 kişinin sepetinde,912 kişi favoriledi,Son 24 saatte 741 kişi görüntüledi,,,0,,,,Tahmini Teslim:,En Çok Satan 1. Ürün,,{},0,,"[""search_result_dom"",""product_detail_jsonld"",""product_detail_dom""]","{""title"":""observed"",""brand"":""unavailable"",""seller_name"":""observed"",""seller_score"":""unavailable"",""price"":""observed"",""original_price"":""observed"",""campaigns"":""observed"",""stock_status"":""observed"",""stock_signal"":""observed"",""rating"":""observed"",""rating_count"":""observed"",""review_count"":""unavailable"",""question_count"":""observed"",""delivery_summary"":""observed"",""shipping_cost"":""unavailable"",""properties"":""observed""}",true,
2026-08-14,2026-08-14T12:23:15+03:00,çocuk,BEST_SELLER,17,17,,,95.3,29.7,316612628,357212,Go Toys Vakum Molekül 25 Parça Yapı Taşları Fidget Duyusal Eğitici Oyuncak Squigz,Go Toys,Eğitici Oyuncak,https://www.trendyol.com/go-toys/vakum-molekul-25-parca-yapi-taslari-fidget-duyusal-egitici-oyuncak-squigz-p-316612628?boutiqueId=61&merchantId=357212,Shopist,9,169.15,199,15,,TRY,"[""Sepette %15 İndirim"",""Kargo Bedava""]",InStock,100 adetten fazla stok sunulmuştur,Son 3 günde 250+ ürün satıldı!,250,4.4,8921,4564,,255,"2,3B kişinin sepetinde","132,6B kişi favoriledi",Son 24 saatte 1B kişi görüntüledi,4999,TRY,0,1,1,4,11 saat 35 dakika içinde sipariş verirsen en geç yarın kargoda!,,https://cdn.dsmcdn.com/ty1630/product/media/images/prod/PIM/20250130/16/56ab8680-a0e1-4ae0-b7d7-a6f77aa24d42/1_org_zoom.jpg,"{""Paket İçeriği"":""20 - 25"",""Yaş"":""1+ Yaş"",""Piller Kutuya Dahil Mi?"":""Hayır"",""Dil"":""Evrensel Dil"",""Pil ile mi çalışır?"":""Hayır"",""Diğer Özellikler"":""tr"",""Menşei"":""TR"",""Ürün Uyarıları (Oyuncak)"":""tr"",""Özellik"":""Vakumlu""}",20,5,"[""search_result_dom"",""product_detail_jsonld"",""product_detail_dom""]","{""title"":""observed"",""brand"":""observed"",""seller_name"":""observed"",""seller_score"":""observed"",""price"":""observed"",""original_price"":""observed"",""campaigns"":""observed"",""stock_status"":""observed"",""stock_signal"":""observed"",""rating"":""observed"",""rating_count"":""observed"",""review_count"":""observed"",""question_count"":""observed"",""delivery_summary"":""observed"",""shipping_cost"":""observed"",""properties"":""observed""}",true,
2026-08-14,2026-08-14T12:23:15+03:00,çocuk,BEST_SELLER,18,18,,,88.1,39.4,858150039,982060,H&M 3’lü Pamuklu Kolsuz Üst,,,https://www.trendyol.com/h-m/3-lu-pamuklu-kolsuz-ust-p-858150039?boutiqueId=61&merchantId=982060,H&M,3,399.99,499.99,20,,TRY,"[""20 TL Kupon"",""Son 10 Günün En Düşük Fiyatı"",""Kargo Bedava"",""Son 10 günün en düşük fiyatı""]",InStock,100 adetten fazla stok sunulmuştur,Son 3 günde 250+ ürün satıldı!,250,4.7,241,,,9,949 kişinin sepetinde,"7,8B kişi favoriledi","Son 24 saatte 2,6B kişi görüntüledi",,,0,,,,Tahmini Teslim:,Fenomen Seçimi,,{},0,,"[""search_result_dom"",""product_detail_jsonld"",""product_detail_dom""]","{""title"":""observed"",""brand"":""unavailable"",""seller_name"":""observed"",""seller_score"":""observed"",""price"":""observed"",""original_price"":""observed"",""campaigns"":""observed"",""stock_status"":""observed"",""stock_signal"":""observed"",""rating"":""observed"",""rating_count"":""observed"",""review_count"":""unavailable"",""question_count"":""observed"",""delivery_summary"":""observed"",""shipping_cost"":""unavailable"",""properties"":""observed""}",true,
2026-08-14,2026-08-14T12:23:15+03:00,çocuk,BEST_SELLER,19,19,1,,76.7,28.3,118658789,800080,Dragora Ribana Bel Canvas Okul Pantolonu (BİR BÜYÜK BEDEN ALINMASI TAVSİYE EDİLİR),,,https://www.trendyol.com/dragora/ribana-bel-canvas-okul-pantolonu-bir-buyuk-beden-alinmasi-tavsiye-edilir-p-118658789?boutiqueId=61&merchantId=800080,KAYRAMLE DESING,88,220,,,,TRY,"[""20 TL Kupon"",""Sepette %2 İndirim"",""Kargo Bedava"",""Trendyol Plus'a Özel""]",InStock,10 adetten fazla stok sunulmuştur,Son 3 günde 250+ ürün satıldı!,250,4.3,5143,,,1215,996 kişinin sepetinde,"32,9B kişi favoriledi",Son 24 saatte 658 kişi görüntüledi,,,0,,,,11 saat 35 dakika içinde sipariş verirsen en geç yarın kargoda!,En Çok Satan 1. Ürün,,{},0,,"[""search_result_dom"",""product_detail_jsonld"",""product_detail_dom""]","{""title"":""observed"",""brand"":""unavailable"",""seller_name"":""observed"",""seller_score"":""observed"",""price"":""observed"",""original_price"":""unavailable"",""campaigns"":""observed"",""stock_status"":""observed"",""stock_signal"":""observed"",""rating"":""observed"",""rating_count"":""observed"",""review_count"":""unavailable"",""question_count"":""observed"",""delivery_summary"":""observed"",""shipping_cost"":""unavailable"",""properties"":""observed""}",true,
2026-08-14,2026-08-14T12:23:15+03:00,çocuk,BEST_SELLER,20,20,1,,74.1,52.7,1144253106,982060,H&M 2 Parçalı Pamuklu Set,H&M,Bebek Takımı,https://www.trendyol.com/h-m/2-parcali-pamuklu-set-p-1144253106?boutiqueId=61&merchantId=982060,H&M,2,529.99,699.99,24.3,,TRY,"[""Son 10 Günün En Düşük Fiyatı"",""Kargo Bedava"",""Son 10 günün en düşük fiyatı""]",InStock,50 adetten fazla stok sunulmuştur,Son 3 günde 250+ ürün satıldı!,250,4.9,8,3,,8,898 kişinin sepetinde,11B kişi favoriledi,"Son 24 saatte 4,4B kişi görüntüledi",4999,TRY,0,6,1,10,Tahmini Teslim:,En Çok Satan 1. Ürün,https://cdn.dsmcdn.com/ty1898/prod/QC_PREP/20260506/13/4227e0c1-1542-31ec-87d9-f5a9a1c20bf0/1_org_zoom.jpg,"{""Renk"":""Çok Renkli"",""Yaka Tipi"":""Bisiklet Yaka"",""Kumaş Tipi"":""Belirtilmemiş"",""Boy"":""Belirtilmemiş"",""Kalıp"":""Belirtilmemiş"",""Kol Boyu"":""Kolsuz"",""Kol Tipi"":""Kolsuz"",""Menşei"":""IN""}",3,5,"[""search_result_dom"",""product_detail_jsonld"",""product_detail_dom""]","{""title"":""observed"",""brand"":""observed"",""seller_name"":""observed"",""seller_score"":""observed"",""price"":""observed"",""original_price"":""observed"",""campaigns"":""observed"",""stock_status"":""observed"",""stock_signal"":""observed"",""rating"":""observed"",""rating_count"":""observed"",""review_count"":""observed"",""question_count"":""observed"",""delivery_summary"":""observed"",""shipping_cost"":""observed"",""properties"":""observed""}",true,
2026-08-14,2026-08-14T12:23:15+03:00,çocuk,BEST_SELLER,21,21,,,67.8,37.4,1134031784,1131766,Pico Baby Kaydırmaz Taban / Unisex Bebek Çocuk Deniz Ayakkabısı / Havuz Patiği,,,https://www.trendyol.com/pico-baby/kaydirmaz-taban-unisex-bebek-cocuk-deniz-ayakkabisi-havuz-patigi-p-1134031784?boutiqueId=61&merchantId=1131766,Pico Baby,96,189.2,199.67,5.2,,TRY,"[""20 TL Kupon"",""Son 10 Günün En Düşük Fiyatı"",""Kargo Bedava"",""Son 10 günün en düşük fiyatı""]",InStock,100 adetten fazla stok sunulmuştur,Son 3 günde 250+ ürün satıldı!,250,4.5,284,,,40,"1,5B kişinin sepetinde","12,7B kişi favoriledi",Son 24 saatte 775 kişi görüntüledi,,,0,,,,Tahmini Teslim:,,,{},0,,"[""search_result_dom"",""product_detail_jsonld"",""product_detail_dom""]","{""title"":""observed"",""brand"":""unavailable"",""seller_name"":""observed"",""seller_score"":""observed"",""price"":""observed"",""original_price"":""observed"",""campaigns"":""observed"",""stock_status"":""observed"",""stock_signal"":""observed"",""rating"":""observed"",""rating_count"":""observed"",""review_count"":""unavailable"",""question_count"":""observed"",""delivery_summary"":""observed"",""shipping_cost"":""unavailable"",""properties"":""observed""}",true,
2026-08-14,2026-08-14T12:23:15+03:00,çocuk,BEST_SELLER,22,22,,,53.5,44,1142311061,1048417,ADİL OYUNCAK 72 Parça Manyetik Yapı Blokları | Montessori Eğitici Oyuncak | 3D Mıknatıslı Blok Seti,ADİL OYUNCAK,Eğitici Oyuncak,https://www.trendyol.com/adil-oyuncak/72-parca-manyetik-yapi-bloklari-montessori-egitici-oyuncak-3d-miknatisli-blok-seti-p-1142311061?boutiqueId=61&merchantId=1048417,KÜRE EKSPRES,82,1299,,,,TRY,"[""Kargo Bedava"",""Peşin Fiyatına 3 Taksit""]",InStock,100 adetten fazla stok sunulmuştur,Son 3 günde 250+ ürün satıldı!,250,4,47,35,,22,"2,7B kişinin sepetinde","9,4B kişi favoriledi","Son 24 saatte 2,3B kişi görüntüledi",4999,TRY,0,3,1,6,Tahmini Teslim:,En Çok Ziyaret Edilen 6. Ürün,https://cdn.dsmcdn.com/ty1891/prod/QC_ENRICHMENT/20260725/18/ebc78074-63f3-3935-8d2f-a3e9efd28808/1_org_zoom.jpg,"{""Paket İçeriği"":""72'li"",""Yaş"":""2+ Yaş"",""Piller Kutuya Dahil Mi?"":""Hayır"",""Dil"":""Evrensel Dil"",""Pil ile mi çalışır?"":""Hayır"",""Menşei"":""TR""}",20,5,"[""search_result_dom"",""product_detail_jsonld"",""product_detail_dom""]","{""title"":""observed"",""brand"":""observed"",""seller_name"":""observed"",""seller_score"":""observed"",""price"":""observed"",""original_price"":""unavailable"",""campaigns"":""observed"",""stock_status"":""observed"",""stock_signal"":""observed"",""rating"":""observed"",""rating_count"":""observed"",""review_count"":""observed"",""question_count"":""observed"",""delivery_summary"":""observed"",""shipping_cost"":""observed"",""properties"":""observed""}",true,
2026-08-14,2026-08-14T12:23:15+03:00,çocuk,BEST_SELLER,23,23,,,53.5,26,1164531939,517848,FBZhome 72 Parça Manyetik Yapı Blokları - Çocuklar için Renkli 3 Boyutlu Karo Oyun Seti Oyuncak Yap-Boz,FBZhome,Eğitici Oyuncak,https://www.trendyol.com/fbzhome/72-parca-manyetik-yapi-bloklari-cocuklar-icin-renkli-3-boyutlu-karo-oyun-seti-oyuncak-yap-boz-p-1164531939?boutiqueId=61&merchantId=517848,FBZHOME,92,1333.05,1360.25,2,,TRY,"[""Kargo Bedava"",""Son 10 Günün En Düşük Fiyatı"",""Peşin Fiyatına 3 Taksit"",""Son 10 günün en düşük fiyatı""]",InStock,100 adetten fazla stok sunulmuştur,Son 3 günde 250+ ürün satıldı!,,4.7,186,151,,46,,,,4999,TRY,0,1,1,4,Tahmini Teslim:,,https://cdn.dsmcdn.com/ty1930/prod/QC_ENRICHMENT/20260717/11/b1cae3a6-3aff-35af-9567-d612ab4b08ee/1_org_zoom.jpg,"{""Paket İçeriği"":""72'li"",""Yaş"":""3+ Yaş"",""Piller Kutuya Dahil Mi?"":""Hayır"",""Dil"":""Evrensel Dil"",""Pil ile mi çalışır?"":""Hayır"",""Diğer Özellikler"":""manyetik mıknatıslı bloklar"",""Menşei"":""TR"",""Ürün Uyarıları (Oyuncak)"":""3 Yaş Üstü"",""Batarya Türü"":""Diğer"",""Batarya Boyutu"":""Uygulanabilir Değil"",""Özellik"":""Diğer""}",20,5,"[""search_result_dom"",""product_detail_jsonld"",""product_detail_dom""]","{""title"":""observed"",""brand"":""observed"",""seller_name"":""observed"",""seller_score"":""observed"",""price"":""observed"",""original_price"":""observed"",""campaigns"":""observed"",""stock_status"":""observed"",""stock_signal"":""observed"",""rating"":""observed"",""rating_count"":""observed"",""review_count"":""observed"",""question_count"":""observed"",""delivery_summary"":""observed"",""shipping_cost"":""observed"",""properties"":""observed""}",true,
2026-08-14,2026-08-14T12:23:15+03:00,çocuk,BEST_SELLER,24,24,1,,55.6,19.4,982881458,152772,Serstil 6 Parça Anne Bebek Doğum ve Hastane Çıkış Çantası Seti - Pembe Puantiyeli,,,https://www.trendyol.com/serstil/6-parca-anne-bebek-dogum-ve-hastane-cikis-cantasi-seti-pembe-puantiyeli-p-982881458?boutiqueId=61&merchantId=152772,ESTİ,89,199.95,,,,TRY,"[""Kargo Bedava"",""Trendyol Plus'a Özel""]",InStock,100 adetten fazla stok sunulmuştur,Son 3 günde 250+ ürün satıldı!,,4.7,897,,,30,,,,,,0,,,,11 saat 35 dakika içinde sipariş verirsen en geç yarın kargoda!,En Çok Satan 1. Ürün,,{},0,,"[""search_result_dom"",""product_detail_jsonld"",""product_detail_dom""]","{""title"":""observed"",""brand"":""unavailable"",""seller_name"":""observed"",""seller_score"":""observed"",""price"":""observed"",""original_price"":""unavailable"",""campaigns"":""observed"",""stock_status"":""observed"",""stock_signal"":""observed"",""rating"":""observed"",""rating_count"":""observed"",""review_count"":""unavailable"",""question_count"":""observed"",""delivery_summary"":""observed"",""shipping_cost"":""unavailable"",""properties"":""observed""}",true,
